{"R": 130.21340754043553, "G": 135.0280422652932, "B": 142.55410255079852}