{"R": 107.41732635577596, "G": 56.956832788460005, "B": 18.833327333269754}