{"R": 107.1801364674352, "G": 56.91853073661648, "B": 18.95282246375456}