{"R": 105.32668695628453, "G": 56.27709988355221, "B": 18.6848599129672}