{"R": 129.85593177937412, "G": 134.149707130607, "B": 141.61240122510696}